<?xml version="1.0" encoding="UTF-8"?>
<project-private xmlns="http://www.netbeans.org/ns/project-private/1">
    <editor-bookmarks xmlns="http://www.netbeans.org/ns/editor-bookmarks/2" lastBookmarkId="0"/>
    <open-files xmlns="http://www.netbeans.org/ns/projectui-open-files/2">
        <group>
            <file>file:/C:/Users/vigna/OneDrive/Desktop/Banking_management_system/src/ibank/transfer.java</file>
            <file>file:/C:/Users/vigna/OneDrive/Desktop/Banking_management_system/src/ibank/account.java</file>
            <file>file:/C:/Users/vigna/OneDrive/Desktop/Banking_management_system/src/ibank/Withdraw.java</file>
            <file>file:/C:/Users/vigna/OneDrive/Desktop/Banking_management_system/src/ibank/mainmenu.java</file>
            <file>file:/C:/Users/vigna/OneDrive/Desktop/Banking_management_system/src/Database/tables.java</file>
            <file>file:/C:/Users/vigna/OneDrive/Desktop/Banking_management_system/src/ibank/Deposit.java</file>
        </group>
    </open-files>
</project-private>
